ascl_id	credit	num_citations	bibcode
0003.001	Springel, Volker	3	2000ascl.soft03001S
0003.002	Smithsonian Astrophysical Observatory	11	2000ascl.soft03002S
0008.001	Draine, Bruce T.; Flatau, Piotr J.	1	2000ascl.soft08001D
0008.002	Hogerheijde, Michiel; van der Tak, Floris	2	2000ascl.soft08002H
0011.001	Diolaiti, Emiliano; Bendinelli, Orazio; Bonaccini, Domenico; Close, Laird M.; Currie, Doug G.; Parmeggiani, Gianluigi	3	2000ascl.soft11001D
1004.001	Simard, Luc	2	2010ascl.soft04001S
1007.001	Drake, Jeremy J.; Kashyap, Vinay L.	1	2010ascl.soft07001D
1010.001	Pence, William D.	3	2010ascl.soft10001P
1010.002	Seaman, Rob; Pence, William; White, Rick	2	2010ascl.soft10002S
1010.005	Drążkowska, Joanna; Hanasz, Michał; Kowalik, Kacper	1	2010ascl.soft10005D
1010.006	van Straten, W.; Bailes, M.	1	2010ascl.soft10006V
1010.007	Zu, Ying; Kochanek, C. S.; Peterson, Bradley. M.	1	2010ascl.soft10007Z
1010.012	Oguri, Masamune	3	2010ascl.soft10012O
1010.014	Stone, James M.; Gardiner, Thomas A.; Teuben, Peter; Hawley, John F.; Simon, Jacob B.	2	2010ascl.soft10014S
1010.015	Sutherland, Ralph S.	1	2010ascl.soft10015S
1010.017	Offringa, A. R.	4	2010ascl.soft10017O
1010.024	Zibetti, Stefano	2	2010ascl.soft10024Z
1010.027	Kessler, Richard; Bernstein, Joseph P.; Cinabro, David; Dilday, Benjamin; Frieman, Joshua A.; Jha, Saurabh; Kuhlmann, Stephen; Miknaitis, Gajus; Sako, Masao; Taylor, Matt; VanderPlas, Jake	2	2010ascl.soft10027K
1010.028	Strong, A. W.; Moskalenko, I. V.; Porter, T. A.; Jóhannesson, G.; Orlando, E.; Digel, S. W.	3	2010ascl.soft10028S
1010.029	Brewer, Brendon J.; Pártay, Livia B.; Csányi, Gábor	3	2010ascl.soft10029B
1010.030	Lawrence, Earl; Heitmann, Katrin; White, Martin; Higdon, David; Wagner, Christian; Habib, Salman; Williams, Brian	2	2010ascl.soft10030L
1010.032	Bovy, Jo; Hogg, David W.; Roweis, Sam T.	2	2010ascl.soft10032B
1010.036	Jacob, Joseph C.; Katz, Daniel S.; Berriman, G. Bruce; Good, John; Laity, Anastasia C.; Deelman, Ewa; Kesselman, Carl; Singh, Gurmeet; Su, Mei-Hui; Prince, Thomas A.; Williams, Roy	10	2010ascl.soft10036J
1010.039	Carter, Joshua A.; Winn, Joshua N.	1	2010ascl.soft10039C
1010.043	Conroy, Charlie; Gunn, James E.	15	2010ascl.soft10043C
1010.045	Mignone, Andrea; Tzeferacos, P.; Zanni, C.; Tesileanu, O.; Matsakos, T.; Bodo, G.	1	2010ascl.soft10045M
1010.046	Cardiel, Nicolas	5	2010ascl.soft10046C
1010.051	Barnes, Joshua; Hut, Piet; Teuben, Peter	1	2010ascl.soft10051B
1010.052	Brammer, Gabriel B.; van Dokkum, Pieter G.; Coppi, Paolo	1	2010ascl.soft10052B
1010.055	Parrent, Jerod; Branch, David; Jeffery, David	4	2010ascl.soft10055P
1010.056	Baron, E.; Chen, Bin; Hauschildt, P. H.	3	2010ascl.soft10056B
1010.057	Krist, John; Hook, Richard; Stoehr, Felix	8	2010ascl.soft10057K
1010.059	Morel, Pierre; Lebreton, Yveline	1	2010ascl.soft10059M
1010.060	Brandenburg, Axel; Dobler, Wolfgang	6	2010ascl.soft10060B
1010.063	Bertin, Emmanuel	12	2010ascl.soft10063B
1010.064	Bertin, E.; Arnouts, S.	15	2010ascl.soft10064B
1010.066	Bertin, Emmanuel; Fouqué, Pascal	2	2010ascl.soft10066B
1010.068	Bertin, Emmanuel	70	2010ascl.soft10068B
1010.072	O'Shea, Brian W.; Bryan, Greg; Bordner, James; Norman, Michael L.; Abel, Tom; Harkness, Robert; Kritsuk, Alexei	2	2010ascl.soft10072O
1010.074	Faber, Joshua; Lombardi, Jamie; Rasio, Fred	1	2010ascl.soft10074F
1010.076	Hut, Piet; McMillan, Steve; Makino, Jun; Portegies Zwart, Simon	2	2010ascl.soft10076H
1010.077	Schöier, Fredrik; van der Tak, Floris; van Dishoeck, Ewine; Black, John	3	2010ascl.soft10077S
1010.078	Becciani, U.; Antonuccio-Delogu, V.; Gheller, C.; Calori, L.; Buonomo, F.; Imboden, S.	1	2010ascl.soft10078B
1010.082	Fryxell, B.; Olson, K.; Ricker, P.; Timmes, F. X.; Zingale, M.; Lamb, D. Q.; MacNeice, P.; Rosner, R.; Truran, J. W.; Tufo, H.	5	2010ascl.soft10082F
1010.083	Paxton, Bill; Bildsten, Lars; Dotter, Aaron; Herwig, Falk; Lesaffre, Pierre; Timmes, Frank	10	2010ascl.soft10083P
1011.001	Barnes, Joshua E.; Hibbard, John E.	1	2010ascl.soft11001B
1011.002	Stetson, P. B.; Pancino, E.	3	2010ascl.soft11002S
1011.003	Le Borgne, Damien; Rocca-Volmerange, Brigitte	1	2010ascl.soft11003L
1011.004	Moralejo, R. A.; Gaug, M.; Carmona, E.; Colin, P.; Delgado, C.; Lombardi, S.; Mazin, D.; Scalzotto, V.; Sitarek, J.; Tescaro, D.	1	2010ascl.soft11004M
1011.006	Brescia, Massimo; Longo, Giuseppe; Djorgovski, George S.; Cavuoti, Stefano; D'Abrusco, Raffaele; Donalek, Ciro; di Guido, Alessandro; Fiore, Michelangelo; Garofalo, Mauro; Laurino, Omar; Mahabal, Ashish; Manna, Francesco; Nocella, Alfonso; D'Angelo, Giovanni; Paolillo, Maurizio	1	2010ascl.soft11006B
1011.007	Teyssier, Romain	7	2010ascl.soft11007T
1011.010	de Oliveira-Costa, Angelica; Tegmark, Max; Gaensler, B. M.; Jonas, Justin; Landecker, T. L.; Reich, Patricia	2	2010ascl.soft11010D
1011.013	Garcia-Bellido, Juan; Haugboelle, Troels	1	2010ascl.soft11013G
1011.014	Freytag, Bernd; Steffen, Matthias; Wedemeyer-Böhm, Sven; Ludwig, Hans-Günter; Leenaarts, Jorrit; Schaffenberger, Werner; Allard, France; Chiavassa, Andrea; Höfner, Susanne; Kamp, Inga; Steiner, Oskar	1	2010ascl.soft11014F
1011.015	Dexter, Jason; Agol, Eric	2	2010ascl.soft11015D
1011.021	Liesenborgs, J.; de Rijcke, S.; Dejonghe, H.	5	2010ascl.soft11021L
1011.022	The yt project	3	2010ascl.soft11022T
1101.006	Ziegler, U.	2	2011ascl.soft01006Z
1101.007	Sharma, Sanjib; Bland-Hawthorn, Joss; Johnston, Kathryn V.; Binney, James	1	2011ascl.soft01007S
1101.010	Taylor, Mark	8	2011ascl.soft01010T
1102.003	Keeton, Charles R.	7	2011ascl.soft02003K
1102.004	Kneib, Jean-Paul; Bonnet, Henri; Golse, Ghyslain; Sand, David; Jullo, Eric; Marshall, Phil	3	2011ascl.soft02004K
1102.007	Saha, Prasenjit; Williams, Liliya L. R.	2	2011ascl.soft02007S
1102.009	Knollmann, Steffen R.; Knebe, Alexander	8	2011ascl.soft02009K
1102.010	Hubber, David; Batty, Chris; McLeod, Andrew; Whitworth, Anthony; Bisbas, Thomas; Stamatellos, Dimitrios; Walch, Stefanie; Rawiraswattana, Krisada; Goodwin, Simon	7	2011ascl.soft02010H
1102.012	Rosolowsky, Erik; Leroy, Adam	3	2011ascl.soft02012R
1102.014	Collaborative Effort	3	2011ascl.soft02014C
1102.016	Audit, Edouard; González, Matthias; Vaytet, Neil; Fromang, Sebastien; Hennebelle, Patrick; Teyssier, Romain; Tremblin, Pascal; Thooris, Bruno	2	2011ascl.soft02016A
1102.018	Gooch, Richard	1	2011ascl.soft02018G
1102.020	N-Body Shop	1	2011ascl.soft02020N
1102.025	Lewis, Antony	1	2011ascl.soft02025L
1102.026	Lewis, Antony; Challinor, Anthony	17	2011ascl.soft02026L
1102.027	Barnes, Joshua E.	5	2011ascl.soft02027B
1102.028	Hayes, John C.; Norman, Michael L.; Fiedler, Robert A.; Bordner, James O.; Li, Pak Shing; Clark, Stephen E.; Ud-Doula, Asif; Mac Low, Mordecai-Mark	1	2011ascl.soft02028H
1103.001	Shepherd, Martin	3	2011ascl.soft03001S
1103.004	Price, Daniel J.	5	2011ascl.soft03004P
1103.005	Dolag, Klaus; Reinecke, Martin; Gheller, Claudio; Rivi, Marzia; Krokos, Mel; Jin, Zhefan	1	2011ascl.soft03005D
1103.009	Altay, Gabriel; Croft, Rupert A. C.; Pelupessy, I.	2	2011ascl.soft03009A
1104.002	Cunningham, Andrew J.; Frank, Adam; Varniere, Peggy; Mitran, Sorin; Jones, Thomas W.	2	2011ascl.soft04002C
1104.003	Leitherer, Claus; Schaerer, Daniel; Goldader, Jeff; Gonzalez-Delgado, Rosa; Robert, Carmelle; Foo Kune, Denis; de Mello, Duilia; Devost, Daniel; Heckman, Timothy M.; Aloisi, Alessandra; Martins, Lucimara; Vazquez, Gerardo	2	2011ascl.soft04003L
1104.005	Bruzual, Gustavo; Charlot, Stéphane	2	2011ascl.soft04005B
1104.006	Vazdekis, Alexandre	2	2011ascl.soft04006V
1104.007	Koleva, Mina; Prugniel, Philippe; Bouchard, Antoine; Wu, Yue	1	2011ascl.soft04007K
1104.010	Peng, Chien Y.; Ho, Luis C.; Impey, Chris D.; Rix, Hans-Walter	16	2011ascl.soft04010P
1104.011	Stetson, Peter B.	5	2011ascl.soft04011S
1105.001	Taylor, Mark	2	2011ascl.soft05001T
1105.003	Cautun, Marius C.; van de Weygaert, Rien	17	2011ascl.soft05003C
1105.005	N-Body Shop	1	2011ascl.soft05005N
1105.011	Shamir, Lior	6	2011ascl.soft05011S
1105.013	Challinor, Anthony; Lewis, Antony	2	2011ascl.soft05013C
1105.014	van Straten, Willem; Demorest, Paul; Khoo, Jonathan; Keith, Mike; Hotan, Aidan; et al.	2	2011ascl.soft05014V
1106.002	Prsa, Andrej; Matijevic, Gal; Latkovic, Olivera; Vilardell, Francesc; Wils, Patrick	14	2011ascl.soft06002P
1106.007	Sault, Robert J.; Teuben, Peter; Wright, Melvyn C. H	12	2011ascl.soft06007S
1106.008	Bertschinger, Edmund	1	2011ascl.soft06008B
1106.009	MacNeice, Peter; Olson, Kevin M.; Mobarry, Clark; de Fainchtein, Rosalinda; Packer, Charles	1	2011ascl.soft06009M
1106.010	da Cunha, Elisabete; Charlot, Stéphane	5	2011ascl.soft06010D
1106.011	Maccione, Luca; Evoli, Carmelo; Gaggero, Daniele; Grasso, Dario	2	2011ascl.soft06011M
1106.013	Hojjati, A.; Zhao, G.-B.; Pogosian, L.; Silvestri, A.	1	2011ascl.soft06013H
1106.014	Gazak, J. Zachary; Johnson, John A.; Tonry, John; Eastman, Jason; Mann, Andrew W.; Agol, Eric	3	2011ascl.soft06014G
1106.016	Wichmann, Rainer	7	2011ascl.soft06016W
1106.020	Blas, Diego; Lesgourgues, Julien; Tram, Thomas	3	2011ascl.soft06020B
1106.025	Lewis, Antony; Bridle, Sarah	2	2011ascl.soft06025L
1106.026	Seager, Sara; Sasselov, Dimitar D.; Scott, Douglas	2	2011ascl.soft06026S
1107.001	Blondin, Stéphane; Tonry, John L.	5	2011ascl.soft07001B
1107.002	Babusiaux, Carine; Sartoretti, Paola; Leclerc, Nicolas; Chéreau, Fabien	2	2011ascl.soft07002B
1107.005	Freeman, Peter; Nguyen, Dan; Doe, Stephen; Siemiginowska, Aneta	1	2011ascl.soft07005F
1107.007	Portegies Zwart, Simon	7	2011ascl.soft07007P
1107.008	Eggleton, P. P.; Tout, Christopher; Pols, Onno; Izzard, Rob; Eldridge, John; Lesaffre, Pierre; Stancliffe, Richard; Church, Ross; Lau, Herbert	3	2011ascl.soft07008E
1107.011	Schombert, James	4	2011ascl.soft07011S
1107.012	Brinch, C.; Hogerheijde, M. R.	1	2011ascl.soft07012B
1107.013	International Consortium Of Scientists	5	2011ascl.soft07013I
1107.014	Williams, Jonathan P.; de Geus, Eugene J.; Blitz, Leo	1	2011ascl.soft07014W
1107.015	Kuepper, A. H. W.; Maschberger, Th.; Kroupa, P.; Baumgardt, H.	1	2011ascl.soft07015K
1107.016	Lorimer, D. R.	8	2011ascl.soft07016L
1107.017	Ransom, Scott	15	2011ascl.soft07017R
1107.018	Górski, K. M.; Hivon, Eric	6	2011ascl.soft07018G
1108.001	Kaiser, Nick	2	2011ascl.soft08001K
1108.003	Calabretta, M. R.	3	2011ascl.soft08003C
1108.004	Benson, Andrew	1	2011ascl.soft08004B
1108.006	Cid Fernandes, R.; Mateus, A.; Sodré, L.; Stasinska, G.; Gomes, J. M.	6	2011ascl.soft08006C
1108.007	Fioc, Michel; Le Borgne, Damien; Rocca-Volmerange, Brigitte	1	2011ascl.soft08007F
1108.009	Arnouts, S.; Ilbert, O.	29	2011ascl.soft08009A
1108.010	Bolzonella, Micol; Miralles, Joan-Marc; Pelló, Roser	3	2011ascl.soft08010B
1108.011	Benítez, Narciso	3	2011ascl.soft08011B
1108.013	Blinnikov, Sergei I.; Bartunov, Oleg S.	1	2011ascl.soft08013B
1108.016	Dullemond, C. P.	3	2011ascl.soft08016D
1108.018	Ocvirk, P.	1	2011ascl.soft08018O
1109.001	Ginsburg, Adam; Mirocha, Jordan	62	2011ascl.soft09001G
1109.002	Christensen-Dalsgaard, J.	4	2011ascl.soft09002C
1109.003	Baes, Maarten; Dejonghe, Herwig; Davies, Jonathan	1	2011ascl.soft09003B
1109.005	Challinor, Anthony; Chon, Gayoung; Colombi, Stéphane; Hivon, Eric; Prunet, Simon; Szapudi, István.	1	2011ascl.soft09005C
1109.006	Feroz, F.; Hobson, M. P.; Bridges, M.	2	2011ascl.soft09006F
1109.009	Pitrou, Cyril	1	2011ascl.soft09009P
1109.010	Tollerud, Erik	2	2011ascl.soft09010T
1109.012	Sharma, Sanjib; Steinmetz, Matthias	1	2011ascl.soft09012S
1109.015	Mink, Jessica	4	2011ascl.soft09015M
1109.018	Allen, R. J.; Ekers, R. D.; Terlouw, J. P.; Vogelaar, M. G. R.	1	2011ascl.soft09018A
1109.020	Hillier, John	1	2011ascl.soft09020H
1109.021	Hubeny, Ivan; Lanz, Thierry	2	2011ascl.soft09021H
1109.022	Hubeny, Ivan; Lanz, Thierry	31	2011ascl.soft09022H
1109.023	Giocoli, Carlo; Meneghetti, Massimo; Bartelmann, Matthias; Moscardini, Lauro; Boldrin, Michele	1	2011ascl.soft09023G
1110.004	Wieczorek, Mark	1	2011ascl.soft10004W
1110.005	Feldmann, R.; Carollo, C. M.; Porciani, C.; Lilly, S. J.; Oesch, P.	1	2011ascl.soft10005F
1110.006	Bertin, Emmanuel	7	2011ascl.soft10006B
1110.007	Knödlseder, J.	1	2011ascl.soft10007K
1110.009	Shortridge, Keith	1	2011ascl.soft10009S
1110.012	Various	1	2011ascl.soft10012V
1110.016	Rein, Hanno; Liu, Shang-Fei	1	2011ascl.soft10016R
1110.017	Colombi, Stephane; Novikov, Dmitri	5	2011ascl.soft10017C
1111.001	Herschel Science Ground Segment Consortium	1	2011ascl.soft11001H
1111.005	Dubernet, Marie-Lise; Nenadovic, Ljerka	1	2011ascl.soft11005D
1111.006	NASA/IPAC Infrared Science Archive; JPL; Caltech; NASA	1	2011ascl.soft11006N
1111.008	Malapert, Jean-Christophe; Marseille, Matthieu	1	2011ascl.soft11008M
1111.014	Pál, András	1	2011ascl.soft11014P
1111.015	N-Body Shop	1	2011ascl.soft11015N
1112.001	Devillard, Nicolas	1	2011ascl.soft12001D
1112.002	Mandel, Eric; Murray, Stephen S.; Roll, John	1	2011ascl.soft12002M
1112.004	Biffi, Veronica; Dolag, Klaus; Boehringer, Hans; Lemson, Gerard	1	2011ascl.soft12004B
1112.013	Downey, Elwood Charles	3	2011ascl.soft12013D
1112.014	Rhodes, Brandon Craig	7	2011ascl.soft12014R
1112.019	Centre de Données Astronomiques de Strasbourg (Cds)	1	2011ascl.soft12019C
1201.003	Portegies Zwart, S. F.; Verbunt, F.	9	2012ascl.soft01003P
1201.007	Bassett, Bruce A.; Fantaye, Yabebal; Hlozek, Renee; Kotze, Jacques	1	2012ascl.soft01007B
1201.008	Chambers, John E.	6	2012ascl.soft01008C
1201.010	Rauch, Kevin P.; Hamilton, Douglas P.	5	2012ascl.soft01010R
1201.015	Frigo, Matteo; Johnson, Steven G.	9	2012ascl.soft01015F
1202.002	Kuchner, Marc	2	2012ascl.soft02002K
1202.003	Kaplan, George; Bartlett, Jennifer Lynn; Monet, Alice; Bangert, John; Puatua, Wendy; Harris, William; Fredericks, Amy; Barron, Eric G.; Barrett, Paul	1	2012ascl.soft02003K
1202.004	Koning, Arjan; Hilaire, Stephane; Duijvestijn, Marieke	1	2012ascl.soft02004K
1202.005	Swanson, Molly; Tegmark, Max; Hamilton, Andrew; Hill, Colin	3	2012ascl.soft02005S
1202.006	Heck, Dieter; Pierog, Tanguy; Knapp, Johannes	1	2012ascl.soft02006H
1202.009	Sneden, Chris; Bean, Jacob; Ivans, Inese; Lucatello, Sara; Sobeck, Jennifer	25	2012ascl.soft02009S
1202.010	Sneden, Chris; Uomoto, Alan; Cottrell, Peter; Fitzpatrick, Mike	1	2012ascl.soft02010S
1202.012	Dimmelmeier, Harald; Novak, Jérôme; Cerdá-Durán, Pablo	1	2012ascl.soft02012D
1202.013	Valenti, J. A.; Piskunov, N.	10	2012ascl.soft02013V
1202.015	Dullemond, C. P.; Juhasz, A.; Pohl, A.; Sereshti, F.; Shetty, R.; Peters, T.; Commercon, B.; Flock, M.	144	2012ascl.soft02015D
1203.001	Broos, Patrick; Townsley, Leisa; Getman, Konstantin; Bauer, Franz	14	2012ascl.soft03001B
1203.002	Barden, Marco; Häußler, Boris; Peng, Chien Y.; McIntosh, Daniel H.; Guo, Yicheng	1	2012ascl.soft03002B
1203.003	Cooper, Michael C.; Newman, Jeffrey A.; Davis, Marc; Finkbeiner, Douglas P.; Gerke, Brian F.	99	2012ascl.soft03003C
1203.006	Alexander, Poul E. R.; Gieles, Mark	1	2012ascl.soft03006A
1203.012	Raab, Herbert	5	2012ascl.soft03012R
1204.001	Pauldrach, A. W. A.	1	2012ascl.soft04001P
1204.007	Hawley, John; Blondin, John; Lindahl, Greg; Lufkin, Eric	4	2012ascl.soft04007H
1204.013	Tricarico, Pasquale	1	2012ascl.soft04013T
1204.016	Pickles, Andrew	1	2012ascl.soft04016P
1205.002	Sandin, C.; Becker, T.; Roth, M. M.; Gerssen, J.; Monreal-Ibero, A.; Böhm, P.; Weilbacher, P.	1	2012ascl.soft05002S
1205.004	Plez, B.	86	2012ascl.soft05004P
1205.005	Pence, William; Chai, Pan	1	2012ascl.soft05005P
1205.008	Ramachandran, Prabhu; Varoquaux, Gaël	2	2012ascl.soft05008R
1206.001	Berrevoets, Cor; DeClerq, Bart; George, Tony; Makolkin, Dmitry; Maxson, Paul; Pilz, Bob; Presnyakov, Pavel; Roel, Eric; Weiller, Sylvain	1	2012ascl.soft06001B
1206.002	Lindberg Christensen, Lars; Nielsen, Lars Holm; Nielsen, Kaspar K.; Johansen, Teis; Hurt, Robert; de Martin, David	1	2012ascl.soft06002L
1206.006	Maschberger, Thomas	1	2012ascl.soft06006M
1206.007	Šubr, Ladislav	2	2012ascl.soft06007
1206.012	Eastman, Jason	1	2012ascl.soft06012E
1206.013	Rasband, W. S.	3	2012ascl.soft06013R
1207.001	Eastman, Jason; Gaudi, B. Scott; Agol, Eric	6	2012ascl.soft07001E
1207.005	van Dokkum, Pieter G.; Bloom, J.; Tewes, Malte	7	2012ascl.soft07005V
1207.006	Pych, W.	1	2012ascl.soft07006P
1207.007	Tollerud, Erik	2	2012ascl.soft07007T
1207.009	Barrett, Paul; Hsu, J. C.; Hanley, Chris; Taylor, James; Droettboom, Michael; Bray, Erik M.; Hack, Warren; Greenfield, Perry; Wyckoff, Eric; Jedrzejewski, Robert; De La Pena, Michele; Hodge, Phil	1	2012ascl.soft07009B
1207.010	Crawford, S. M.; Still, M.; Schellart, P.; Balona, L.; Buckley, D. A. H.; Gulbis, A. A. S.; Kniazev, A.; Kotze, M.; Loaring, N.; Nordsieck, K. H.; Pickering, T. E.; Potter, S.; Romero Colmenero, E.; Vaisanen, P.; Wiliams, T.; Zietsman, E.	2	2012ascl.soft07010C
1207.011	Science Software Branch at STScI	11	2012ascl.soft07011S
1207.013	Southworth, John	1	2012ascl.soft07013S
1208.001	Lang, Dustin; Hogg, David W.; Mierle, Keir; Blanton, Michael; Roweis, Sam	7	2012ascl.soft08001L
1208.003	Laher, Russ	1	2012ascl.soft08003L
1208.004	Still, Martin; Barclay, Tom	87	2012ascl.soft08004S
1208.008	Józsa, Gyula I. G.; Kenn, Franz; Oosterloo, Thomas A.; Klein, Ulrich	2	2012ascl.soft08008J
1208.009	Hales, C. A.; Murphy, T.; Curran, J. R.; Middelberg, E.; Gaensler, B. M.; Norris, R. P.	2	2012ascl.soft08009H
1208.013	Freeland, S. L.; Handy, B. N.	6	2012ascl.soft08013F
1208.014	van der Holst, Bar; Keppens, Rony; Meliani, Zakaria; Porth, Oliver; van Marle, Allard Jan; Delmont, Peter; Xia, Chun	2	2012ascl.soft08014V
1208.016	Hartman, Joel	8	2012ascl.soft08016H
1208.017	Robitaille, Thomas; Bressert, Eli	165	2012ascl.soft08017R
1208.019	Markwardt, Craig	15	2012ascl.soft08019M
1208.020	Kettenis, Mark; Sipior, Mike	1	2012ascl.soft08020K
1208.021	Mancone, Conor; Gonzalez, Anthony	3	2012ascl.soft08021M
1209.002	Plummer, Martyn	2	2012ascl.soft09002P
1209.003	Juric, Mario	9	2012ascl.soft09003J
1209.005	Gammie, Charles F.; McKinney, Jonathan C.; Tóth, Gábor	1	2012ascl.soft09005G
1209.009	Lahav, Ofer; Collister, Adrian A.	2	2012ascl.soft09009L
1209.010	Noordam, Jan E.; Smirnov, Oleg M.	1	2012ascl.soft09010N
1209.011	Kuzio de Naray, Rache; Arsenault, Cameron A.; Spekkens, Kristine; Sellwood, J. A.; McDonald, Michael; Simon, Joshua D.; Teuben, Peter	1	2012ascl.soft09011K
1209.012	Roussel, Hélène	4	2012ascl.soft09012R
1210.002	Cappellari, Michele	13	2012ascl.soft10002C
1210.005	Paioro, Luigi; Franzetti, Paolo	2	2012ascl.soft10005P
1210.008	Behroozi, Peter; Wechsler, Risa; Wu, Hao-Yi	5	2012ascl.soft10008B
1210.015	Hobbs, George; Edwards, Russell	3	2012ascl.soft10015H
1210.016	Space Telescope Science Institute	1	2012ascl.soft10016S
1210.018	Meschiari, Stefano; Wolf, Aaron S.; Rivera, Eugenio; Laughlin, Gregory; Vogt, Steve; Butler, Paul	2	2012ascl.soft10018M
1210.019	Ott, Thomas	12	2012ascl.soft10019O
1210.020	ESO	1	2012ascl.soft10020E
1210.022	Gammie, Charles F.; Guan, Xiaoyue	1	2012ascl.soft10022G
1210.029	Gaburov, Evghenii; Harfst, Stefan; Portegies Zwart, Simon	2	2012ascl.soft10029G
1210.031	Wright, Jason; Howard, Andrew	3	2012ascl.soft10031W
1211.002	Irwin, Alan W.	17	2012ascl.soft11002I
1211.006	Cappellari, Michele; Copin, Yannick	1	2012ascl.soft11006C
1212.001	Bédorf, Jeroen; Gaburov, Evghenii; Portegies Zwart, Simon	1	2012ascl.soft12001B
1212.002	Getman, Konstantin; Feigelson, Eric; Broos, Patrick; Townsley, Leisa; Garmire, Gordon	1	2012ascl.soft12002G
1212.005	Skowron, J.; Gould, A.	1	2012ascl.soft12005S
1212.007	Shamir, Lior	1	2012ascl.soft12007S
1212.008	Ruiz Cobo, B.; del Toro Iniesta, J. C.	1	2012ascl.soft12008R
1212.009	Hancock, P. J.; Murphy, T.; Gaensler, B. M.; Hopkins, A.; Curran, J. R.	4	2012ascl.soft12009H
1212.010	Kochukhov, Oleg	1	2012ascl.soft12010K
1212.011	STSCI Development Team	2	2012ascl.soft12011S
1212.015	Werner, Klaus; Dreizler, Stefan; Rauch, Thomas	23	2012ascl.soft12015W
1301.001	Bertin, Emmanuel	15	2013ascl.soft01001B
1302.002	Houck, John C.; Davis, John E.; Huenemoerder, David; Dewey, Dan; Nowak, Mike; Davis, David S.	2	2013ascl.soft02002H
1302.004	Revaz, Yves	2	2013ascl.soft02004R
1302.010	Masci, Frank	6	2013ascl.soft02010M
1302.013	Selig, Marco; Bell, Michael R.; Junklewitz, Henrik; Oppermann, Niels; Reinecke, Martin; Greiner, Maksim; Pachajoa, Carlos; Ensslin, Torsten A.	2	2013ascl.soft02013S
1302.015	Sousbie, Thierry	2	2013ascl.soft02015S
1303.001	Levison, Harold F.; Duncan, Martin J.	8	2013ascl.soft03001L
1303.002	Foreman-Mackey, Daniel; Conley, Alex; Meierjurgen Farr, Will; Hogg, David W.; Lang, Dustin; Marshall, Phil; Price-Whelan, Adrian; Sanders, Jeremy; Zuntz, Joe	31	2013ascl.soft03002F
1303.003	Akeret, Joël; Seehars, Sebastian; Amara, Adam; Refregier, Alexandre; Csillaghy, André	2	2013ascl.soft03003A
1303.004	Viti, Serena	1	2013ascl.soft03004V
1303.009	Möller, T.; Bernst, I.; Panoglou, D.; Muders, D.; Ossenkopf, V.; Röllig, M.; Schilke, P.	1	2013ascl.soft03009M
1303.014	Hurley, Jarrod R.; Tout, Christopher A.; Pols, Onno R.	1	2013ascl.soft03014H
1303.015	Hurley, Jarrod R.; Pols, Onno R.; Tout, Christopher A.	1	2013ascl.soft03015H
1303.019	Marganian, P.; Garwood, R. W.; Braatz, J. A.; Radziwill, N. M.; Maddalena, R. J.	3	2013ascl.soft03019M
1303.020	Jeschke, Eric	1	2013ascl.soft03020J
1303.021	Budavari, Tamas; Lee, Matthias A.	2	2013ascl.soft03021B
1303.022	Sotomayor-Beltran, C.; Sobey, C.; Hessels, J. W. T.; de Bruyn, G.; Noutsos, A.; Alexov, A.; Anderson, J.; Asgekar, A.; Avruch, I. M.; Beck, R.; Bell, M. E.; Bell, M. R.; Bentum, M. J.; Bernardi, G.; Best, P.; Birzan, L.; Bonafede, A.; Breitling, F.; Broderick, J.; Brouw, W. N.; Brueggen, M.; Ciardi, B.; de Gasperin, F.; Dettmar, R.-J.; van Duin, A.; Duscha, S.; Eisloeffel, J.; Falcke, H.; Fallows, R. A.; Fender, R.; Ferrari, C.; Frieswijk, W.; Garrett, M. A.; Griessmeier, J.; Grit, T.; Gunst, A. W.; Hassall, T. E.; Heald, G.; Hoeft, M.; Horneffer, A.; Iacobelli, M.; Juette, E.; Karastergiou, A.; Keane, E.; Kohler, J.; Kramer, M.; Kondratiev, V. I.; Koopmans, L. V. E.; Kuniyoshi, M.; Kuper, G.; van Leeuwen, J.; Maat, P.; Macario, G.; Markoff, S.; McKean, J. P.; Mulcahy, D. D.; Munk, H.; Orru, E.; Paas, H.; Pandey-Pommier, M.; Pilia, M.; Pizzo, R.; Polatidis, A. G.; Reich, W.; Roettgering, H.; Serylak, M.; Sluman, J.; Stappers, B. W.; Tagger, M.; Tang, Y.; Tasse, C.; ter Veen, S.; Vermeulen, R.; van Weeren, R. J.; Wijers, R. A. M. J.; Wijnholds, S. J.; Wise, M. W.; Wucknitz, O.; Yatawatta, S.; Zarka, P.	2	2013ascl.soft03022S
1303.023	STScI development Team	26	2013ascl.soft03023S
1303.024	Kurucz, Robert L.	30	2013ascl.soft03024K
1303.029	Fourt, O.; Starck, J.-L.; Sureau, F.; Bobin, J.; Moudden, Y.; Abrial, P.; Schmitt, J.	1	2013ascl.soft03029F
1304.001	Mighell, Kenneth J.	1	2013ascl.soft04001M
1304.002	Greenfield, Perry; Robitaille, Thomas; Tollerud, Erik; Aldcroft, Tom; Barbary, Kyle; Barrett, Paul; Bray, Erik; Crighton, Neil; Conley, Alex; Conseil, Simon; Davis, Matt; Deil, Christoph; Dencheva, Nadia; Droettboom, Michael; Ferguson, Henry; Ginsburg, Adam; Grollier, Frédéric; Moritz Günther, Hans; Hanley, Chris; Hsu, J. C.; Kerzendorf, Wolfgang; Kramer, Roban; Lian Lim, Pey; Muna, Demitri; Nair, Prasanth; Price-Whelan, Adrian; Shiga, David; Singer, Leo; Taylor, James; Turner, James; Woillez, Julien; Zabalza, Victor	2	2013ascl.soft04002G
1304.003	Huertas-Company, Marc	1	2013ascl.soft04003H
1304.004	Thompson, Susan; Mullally, Fergal	8	2013ascl.soft04004T
1304.007	Krumholz, Mark R.	2	2013ascl.soft04007K
1304.011	Carrasco Kind, Matias; Brunner, Robert	1	2013ascl.soft04011C
1304.014	Prunet, Simon; Pichon, Christophe	3	2013ascl.soft04014P
1304.016	Barber, C. Bradford; Dobkin, David P.; Huhdanpaa, Hannu	3	2013ascl.soft04016B
1304.017	Chluba, Jens; Thomas, Rajat Mani	1	2013ascl.soft04017C
1304.020	Morisset, Christophe	15	2013ascl.soft04020M
1304.021	Luridiana, V.; Morisset, C.; Shaw, R. A.	2	2013ascl.soft04021L
1305.002	Pontzen, Andrew; Roškar, Rok; Stinson, Greg; Woods, Rory	98	2013ascl.soft05002P
1305.004	Colombi, S.	1	2013ascl.soft05004C
1305.005	Stadel, Joachim	4	2013ascl.soft05005S
1305.006	Hopkins, Philip F.	2	2013ascl.soft05006H
1305.007	Monaco, Pierluigi; Theuns, Tom	1	2013ascl.soft05007M
1305.009	Jefferys, William; McArthur, Barbara; McCartney, James	1	2013ascl.soft05009J
1305.010	Gildas Team	11	2013ascl.soft05010G
1306.007	Jensen, Eric	26	2013ascl.soft06007J
1306.008	Sutherland, Ralph; Dopita, Mike; Binette, Luc; Groves, Brent	4	2013ascl.soft06008S
1307.002	Audren, Benjamin; Lesgourgues, Julien; Benabed, Karim; Prunet, Simon	1	2013ascl.soft07002A
1307.003	Schellart, Pim	2	2013ascl.soft07003S
1307.007	Garrido, Julian; Soiland-Reyes, Stian; Ruiz, Jose Enrique; Sanchez, Susana	2	2013ascl.soft07007G
1308.008	Thomas, R. C.	3	2013ascl.soft08008T
1308.011	Kovacs, Attila	1	2013ascl.soft08011K
1308.012	Pontoppidan, Klaus; Dullemond, Kees	1	2013ascl.soft08012P
1308.016	Mueller, Daniel; Dimitoglou, George; Caplins, Benjamin; Garcia Ortiz, Juan Pablo; Wamsler, Benjamin; Hughitt, Keith; Alexanderian, Alen; Ireland, Jack; Amadigwe, Desmond; Fleck, Bernhard	1	2013ascl.soft08016M
1309.001	Collins, Karen; Kielkopf, John	22	2013ascl.soft09001C
1309.002	Deeg, Hans J.	1	2013ascl.soft09002D
1309.003	Sana, Hugues	1	2013ascl.soft09003S
1309.005	Johnson, Seth	1	2013ascl.soft09005J
1309.008	VOStat Development Group	1	2013ascl.soft09008V
1310.001	Jenness, Tim; Economou, Frossie; Cavanagh, Brad; Currie, Malcolm J.; Gibb, Andy	2	2013ascl.soft10001J
1310.002	Guillet, Thomas; Chapon, Damien; Labadens, Marc	3	2013ascl.soft10002G
1310.005	Bourgès, Laurent; Mella, Guillaume; Lafrasse, Sylvain; Duvert, Gilles	3	2013ascl.soft10005B
1310.007	Jenness, Tim; Chapin, Edward L.; Berry, David S.; Gibb, Andy G.; Tilanus, Remo P. J.; Balfour, Jennifer; Tilanus, Vincent; Currie, Malcolm J.	21	2013ascl.soft10007J
1311.007	Berry, David S.; Reinhold, K.; Jenness, Tim; Economou, Frossie	8	2013ascl.soft11007B
1311.011	Hahn, Oliver; Abel, Tom	16	2013ascl.soft11011H
1312.002	Shamir, Lior; Orlov, Nikita; Eckley, D. Mark; Macura, Tomasz; Johnston, Josiah; Goldberg, Ilya	8	2013ascl.soft12002S
1312.007	Graff, Philip; Feroz, Farhan	5	2013ascl.soft12007G
1402.002	Beaumont, Chris; Robitaille, Thomas; Borkin, Michelle	4	2014ascl.soft02002B
1402.006	Hroch, Filip	5	2014ascl.soft02006H
1402.007	Draper, Peter W.	4	2014ascl.soft02007D
1402.008	Castro-Neves, Margarida; Draper, Peter W.	2	2014ascl.soft02008C
1402.009	Rowe, Barney; Jarvis, Mike; Mandelbaum, Rachel	1	2014ascl.soft02009R
1402.012	Newman, Jeffrey A.; Moster, Benjamin P.	1	2014ascl.soft02012N
1402.014	Jørgensen, Jes; Brinch, Christian; Girart, Josep Miquel; Padovani, Marco; Frau, Pau; Schaaf, Reinhold; Kuiper, Rolf; Bertoldi, Frank; Hogerheijde, Michiel; Juhasz, Attila; Vlemmings, Wouter	3	2014ascl.soft02014J
1402.017	Marti-Vidal, I.; Vlemmings, W. H. T.; Muller, S.; Casey, S.	1	2014ascl.soft02017M
1402.019	Inoue, Akio K.; Shimizu, Ikkoh; Iwata, Ikuru	1	2014ascl.soft02019I
1402.020	Bucciantini, N.; Pili, A. G.; Del Zanna, L.	1	2014ascl.soft02020B
1402.026	Kilbinger, Martin; Bonnett, Christopher; Coupon, Jean	18	2014ascl.soft02026K
1402.031	Dehnen, Walter	1	2014ascl.soft02031D
1402.032	Peacock, J. A.; Smith, R. E.	3	2014ascl.soft02032P
1402.034	Childress, Michael; Vogt, Frédéric; Nielsen, Jon; Sharp, Rob	10	2014ascl.soft02034C
1403.001	Thompson, A. C.; Vernardos, G.; Fluke, C. J.; Barsdell, B. R.	2	2014ascl.soft03001T
1403.003	Carrasco Kind, Matias; Brunner, Robert	2	2014ascl.soft03003C
1403.008	Jenness, Tim; Lightfoot, John	1	2014ascl.soft03008J
1403.015	L'Huillier, Benjamin	4	2014ascl.soft03015L
1403.021	Warren-Smith, Rodney F.; Draper, Peter W.; Taylor, Mark; Allan, Alasdair	1	2014ascl.soft03021W
1403.022	Currie, Malcolm J.; Berry, David S.	1	2014ascl.soft03022C
1403.024	Draper, Peter W.; Gray, Norman; Berry, David S.; Taylor, Mark	6	2014ascl.soft03024D
1404.001	Cappellari, Michele	1	2014ascl.soft04001C
1404.002	Alexander, Tal	4	2014ascl.soft04002A
1404.004	SAS development team	2	2014ascl.soft04004S
1404.006	Harries, Tim	3	2014ascl.soft04006H
1404.007	Leka, K.D.; Barnes, G.; Crouch, A.	2	2014ascl.soft04007L
1404.016	Berry, David S.; Warren-Smith, Rodney F.	2	2014ascl.soft04016B
1405.001	Clough, Shepard A.; Iacono, Michael J.; Moncet, Jean-Luc	1	2014ascl.soft05001C
1405.003	Covey, Kevin R.; West, Andrew A.; Bochanski, John J.; Hawley, Suzanne L.	2	2014ascl.soft05003C
1405.008	Geckeler, Ralf D.; Schuh, Sonja; Dreizler, Stefan; Deetjen, Jochen; Gleissner, Thomas; Risse, Patrick; Rauch, Thomas; Göhler, Eckart; Hügelmeyer, Simon; Husser, Tim-Oliver; Israel, Holger; Benlloch-Garcia, Sara; Pottschmidt, Katja; Wilms, Jörn	1	2014ascl.soft05008G
1405.013	Eaton, Nicholas; Draper, Peter W.; Allan, Alasdair; Naylor, Tim; Mukai, Koji; Currie, Malcolm J.; McCaughrean, Mark	1	2014ascl.soft05013E
1405.014	Berry, David S.; Gledhill, Tim M.	3	2014ascl.soft05014B
1405.016	Howarth, I. D.; Murray, J.; Mills, D.; Berry, David S.	2	2014ascl.soft05016H
1405.018	Mills, Dave; Webb, John; Clayton, Martin; Gray, Norman	2	2014ascl.soft05018M
1406.001	Feigelson, E. D.; Nelson, P. I.; Isobe, T.; LaValley, M.	1	2014ascl.soft06001F
1406.007	Wallace, Patrick T.; Clayton, Chris A	1	2014ascl.soft06007W
1406.018	Stutzki, J.	1	2014ascl.soft06018S
1407.004	Dawson, William A.	3	2014ascl.soft07004D
1407.005	Ofek, Eran O.	52	2014ascl.soft07005O
1407.006	Allen, J. T.; Green, A. W.; Fogarty, L. M. R.; Sharp, R.; Nielsen, J.; Konstantopoulos, I.; Taylor, E. N.; Scott, N.; Cortese, L.; Richards, S. N.; Croom, S.; Owers, M. S.; Bauer, A. E.; Sweet, S. M.; Bryant, J. J.	11	2014ascl.soft07006A
1407.007	Shcherbakov, Roman V.	1	2014ascl.soft07007S
1407.009	Lenz, Patrick; Breger, Michel	6	2014ascl.soft07009L
1407.014	Sutter, P. M.; Lavaux, Guilhem; Hamaus, Nico; Pisani, Alice; Wandelt, Benjamin D.; Warren, Michael S.; Villaescusa-Navarro, Francisco; Zivick, Paul; Mao, Qingqing; Thompson, Benjamin B.	1	2014ascl.soft07014S
1407.017	Argo, Megan	3	2014ascl.soft07017A
1407.018	VanderPlas, Jacob; Fouesneau, Morgan; Taylor, Julia	12	2014ascl.soft07018V
1408.001	Erwin, Peter	1	2014ascl.soft08001E
1408.004	NASA High Energy Astrophysics Science Archive Research Center (HEASARC)	15	2014ascl.soft08004N
1408.006	Intema, Huib T.	7	2014ascl.soft08006I
1408.008	Yurin, Denis; Springel, Volker	1	2014ascl.soft08008Y
1408.009	Pillay, Ruven	1	2014ascl.soft08009P
1408.012	Findeisen, Krzysztof	1	2014ascl.soft08012F
1408.013	Dias Pinto Vitenti, Sandro; Penna-Lima, Mariana	7	2014ascl.soft08013D
1408.015	Carswell, R. F.; Webb, J. K.	41	2014ascl.soft08015C
1408.016	Liske, Jochen	1	2014ascl.soft08016L
1408.017	Carswell, R.F.; Webb, J. K.; Cooke, A. J.; Irwin, M. J.	4	2014ascl.soft08017C
1408.019	Steiner, Andrew W.	8	2014ascl.soft08019S
1408.020	Steiner, Andrew W.	8	2014ascl.soft08020S
1408.022	Brescia, Massimo; Cavuoti, Stefano	1	2014ascl.soft08022B
1408.023	Offringa, A. R.; McKinley, B.; Hurley-Walker, N.; Briggs, F. H.; Wayth, R. B.; Kaplan, D. L.; Bell, M. E.; Feng, L.; Neben, A. R.; Hughes, J. D.; Rhee, J.; Murphy, T.; Bhat, N. D. R.; Bernardi, G.; Bowman, J. D.; Cappallo, R. J.; Corey, B. E.; Deshpande, A. A.; Emrich, D.; Ewall-Wice, A.; Gaensler, B. M.; Goeke, R.; Greenhill, L. J.; Hazelton, B. J.; Hindson, L.; Johnston-Hollitt, M.; Jacobs, D. C.; Kasper, J. C.; Kratzenberg, E.; Lenc, E.; Lonsdale, C. J.; Lynch, M. J.; McWhirter, S. R.; Mitchell, D. A.; Morales, M. F.; Morgan, E.; Kudryavtseva, N.; Oberoi, D.; Ord, S. M.; Pindor, B.; Procopio, P.; Prabu, T.; Riding, J.; Roshi, D. A.; Shankar, N. Udaya; Srivani, K. S.; Subrahmanyan, R.; Tingay, S. J.; Waterson, M.; Webster, R. L.; Whitney, A. R.; Williams, A.; Williams, C. L.	1	2014ascl.soft08023O
1409.004	Rupke, David S. N.	5	2014ascl.soft09004R
1409.005	Rupke, David S. N.	4	2014ascl.soft09005R
1409.006	Blanco-Cuaresma, S.; Soubiran, C.; Heiter, U.; Jofré, P.	1	2014ascl.soft09006B
1409.008	Shamir, Lior; Manning, Saundra; Wallin, John	1	2014ascl.soft09008S
1409.009	Wakelam, V.	2	2014ascl.soft09009W
1409.012	Zuntz, Joe; Paterno, Marc; Jennings, Elise; Rudd, Douglas; Manzotti, Alessandro; Dodelson, Scott; Bridle, Sarah; Sehrish, Saba; Kowalkowski, James	1	2014ascl.soft09012Z
1409.013	Zuntz, Joe; Kacprzak, Tomasz; Voigt, Lisa; Hirsch, Michael; Rowe, Barnaby; Bridle, Sarah	2	2014ascl.soft09013Z
1410.002	Guidorzi, Cristiano	2	2014ascl.soft10002G
1410.003	Hopkins, Philip F.	7	2014ascl.soft10003H
1410.004	Kuin, Paul	14	2014ascl.soft10004K
1411.001	Thompson, Robert	9	2014ascl.soft11001T
1411.003	Staley, Tim D.	2	2014ascl.soft11003S
1411.009	Li, Dan	2	2014ascl.soft11009L
1411.011	Mateu, C.	1	2014ascl.soft11011M
1411.013	Wesson, R.; Stock, D.; Scicluna, P.	1	2014ascl.soft11013W
1411.018	GPI instrument collaboration	1	2014ascl.soft11018G
1411.022	Shortridge, Keith; Meyerdierks, Horst; Currie, Malcolm J.; Davenhall, Clive; Jenness, Tim; Clayton, Martin	3	2014ascl.soft11022S
1412.001	Serra, Paolo; Westmeier, Tobias; Giese, Nadine; Jurek, Russell; Flöer, Lars; Popping, Attila; Winkel, Benjamin; van der Hulst, Thijs; Meyer, Martin; Koribalski, Bärbel; Staveley-Smith, Lister; Courtois, Hélène	1	2014ascl.soft12001S
1412.003	Deeg, Hans J.	4	2014ascl.soft12003D
1412.007	Cui, Weiguang	1	2014ascl.soft12007C
1412.010	Lombardi, James; Sawyer Warren, Jessica	1	2014ascl.soft12010L
1412.011	TraP contributors	2	2014ascl.soft12011T
1412.014	Reimer, A.; Engel, Ralph; Rachen, J. P.; Protheroe, R. J.; Stanev, Todor	1	2014ascl.soft12014R
1501.002	Rossi, Luca J.	3	2015ascl.soft01002R
1501.010	Jones, David O.; Scolnic, Daniel M.; Rodney, Steven A.	12	2015ascl.soft01010J
1501.014	Bouché, N.; Carfantan, H.; Schroetter, I.; Michel-Dansac, L.; Contini, T.	4	2015ascl.soft01014B
1501.016	Diemer, Benedikt	11	2015ascl.soft01016D
1502.002	Granvik, Mikael; Virtanen, Jenni; Oszkiewicz, Dagmara; Muinonen, Karri	2	2015ascl.soft02002G
1502.003	Springel, Volker	3	2015ascl.soft02003S
1502.007	Mohan, Niruj; Rafferty, David	76	2015ascl.soft02007M
1502.012	Thompson, Robert	7	2015ascl.soft02012T
1502.017	Staley, Tim D.; Anderson, Gemma E.	6	2015ascl.soft02017S
1502.021	Bachetti, Matteo	16	2015ascl.soft02021B
1502.022	Bizyaev, Dmitry; Shetrone, Matthew	1	2015ascl.soft02022B
1503.001	Barentsen, Geert	3	2015ascl.soft03001B
1503.003	Kang, Wonseok; Lee, Sang-Gak	1	2015ascl.soft03003K
1503.005	Corrales, Lia	2	2015ascl.soft03005C
1503.008	Günther, Hans M.; Poppenhaeger, Katja	1	2015ascl.soft03008G
1503.010	Morton, Timothy D.	76	2015ascl.soft03010M
1503.011	Morton, Timothy D.	63	2015ascl.soft03011M
1504.003	ESO CPL Development Team	5	2015ascl.soft04003E
1504.004	Becker, Andrew	46	2015ascl.soft04004B
1504.005	Staley, Tim D.; Anderson, Gemma E.	5	2015ascl.soft04005S
1504.007	Perrin, Marshall D.; Long, Joseph; Sivaramakrishnan, Anand; Lajoie, Charles-Phillipe; Elliot, Erin; Pueyo, Laurent; Albert, Loic	1	2015ascl.soft04007P
1504.008	Curran, Peter A.	4	2015ascl.soft04008C
1504.018	Selig, Marco; Ensslin, Torsten A.	1	2015ascl.soft04018S
1504.020	Mortier, A.; Faria, J. P.; Correia, C. M.; Santerne, A.; Santos, N. C.	1	2015ascl.soft04020M
1504.021	Dumusque, Xavier; Boisse, I.; Santos, N. C.	1	2015ascl.soft04021D
1505.001	Gastineau, M.; Laskar, J.; Manche, H.; Fienga, A.	1	2015ascl.soft05001G
1505.003	Kuhn, Max	1	2015ascl.soft05003K
1505.004	Montalto, M; Boué, G.; Oshagh, M.; Boisse, I.; Bruno, G; Santos, N.C.	1	2015ascl.soft05004M
1505.010	Ng, Pin T.; Maechler, Martin	1	2015ascl.soft05010N
1505.011	Stekhoven, Daniel J.	1	2015ascl.soft05011S
1505.012	Argudo-Fernández, M.; Duarte Puertas, S.; Verley, S.; Sabater, J.; Ruiz, J. E.	3	2015ascl.soft05012A
1505.015	AAO software team	14	2015ascl.soft05015A
1505.016	Alonso, David	2	2015ascl.soft05016A
1505.021	Dauser, Thomas	1	2015ascl.soft05021D
1505.022	Lesur, Geoffroy	2	2015ascl.soft05022L
1505.023	Burns, Christopher R.; Stritzinger, Maximilian; Phillips, M. M.; Kattner, ShiAnne; Persson, S. E.; Madore, Barry F.; Freedman, Wendy L.; Boldt, Luis; Campillay, Abdo; Contreras, Carlos; Folatelli, Gaston; Gonzalez, Sergio; Krzeminski, Wojtek; Morrell, Nidia; Salgado, Francisco; Suntzeff, Nicholas B.	2	2015ascl.soft05023B
1505.025	Bianco, Federica B.; Modjaz, Maryam; Oh, Seung Man; Fierroz, David; Liu, Yuqian; Kewley, Lisa; Graur, Or	1	2015ascl.soft05025B
1505.033	Morozova, V.; Ott, C. D.; Piro, A. L.	4	2015ascl.soft05033M
1505.034	Brown, Edward F.	8	2015ascl.soft05034B
1506.001	Wang, Jason J.; Ruffio, Jean-Baptise; De Rosa, Robert J.; Aguilar, Jonathan; Wolff, Schuyler G.; Pueyo, Laurent	27	2015ascl.soft06001W
1506.002	Gluscevic, Vera; McDermott, Samuel D.	4	2015ascl.soft06002G
1506.005	Fonnesbeck, Chris; Patil, Anand; Huard, David; Salvatier, John	10	2015ascl.soft06005F
1507.001	Di Teodoro, E. M.; Fraternali, F.	1	2015ascl.soft07001D
1507.003	Mort, Benjamin; Dulwich, Fred; Williams, Chris; Salvini, Stefano	1	2015ascl.soft07003M
1507.004	Howlett, Cullan; Manera, Marc; Percival, Will J.	1	2015ascl.soft07004H
1507.007	Barklem, P. S.; Anstee, S. D.; O'Mara, B. J.	2	2015ascl.soft07007B
1507.008	Barklem, P. S.; Piskunov, N.	3	2015ascl.soft07008B
1507.010	Maret, Sébastien; Bergin, Edwin A.	3	2015ascl.soft07010M
1507.017	Kim, S.; Prato, L.; McLean, I.	7	2015ascl.soft07017K
1508.001	Mead, Alexander	5	2015ascl.soft08001M
1508.002	Socas-Navarro, H.	4	2015ascl.soft08002S
1508.003	Cardiel, N; Gorgas, J.; Pedraz, S.; Cenarro, J.; Alonso, O; Gil de Paz, A.; García-Dabó, E.; Sánchez-Blázquez, P.; Mármol-Queraltó, E.; Toloba, E.	1	2015ascl.soft08003C
1508.005	Coe, Dan; Benitez, Narciso	1	2015ascl.soft08005C
1508.007	Jarvis, Mike	10	2015ascl.soft08007J
1508.008	Sheldon, Erin	5	2015ascl.soft08008S
1509.002	Nice, D; Demorest, P.; Stairs, I.; Manchester, R.; Taylor, J.; Peters, W.; Weisberg, J.; Irwin, A.; Wex, N.; Huang, Y.	9	2015ascl.soft09002N
1509.005	Smitka, Michael T.	2	2015ascl.soft09005S
1509.006	Benítez Llambay, Pablo; Masset, Frédéric	2	2015ascl.soft09006B
1510.002	Kreidberg, Laura	3	2015ascl.soft10002K
1510.003	Parviainen, Hannu	2	2015ascl.soft10003P
1510.007	Craig, M. W.; Crawford, S. M.; Deil, Christoph; Gomez, Carlos; Günther, Hans Moritz; Heidt, Nathan; Horton, Anthony; Karr, Jennifer; Nelson, Stefan; Ninan, Joe Phillip; Pattnaik, Punyaslok; Rol, Evert; Schoenell, William; Seifert, Michael; Singh, Sourav; Sipocz, Brigitta; Stotts, Connor; Streicher, Ole; Tollerud, Erik; Walker, Nathan; ccdproc contributors	15	2015ascl.soft10007C
1511.001	Price-Whelan, Adrian M.	1	2015ascl.soft11001P
1511.002	Wallin, John F.; Holincheck, Anthony; Harvey, Allen	1	2015ascl.soft11002W
1511.004	Nave, G.; Griesmann, U.; Brault, J. W.; Abrams, M. C.	7	2015ascl.soft11004N
1511.005	Crawford, Steven M.	3	2015ascl.soft11005C
1511.012	Kendrew, Sarah	1	2015ascl.soft11012K
1511.014	Marshall, Phil; Sandford, Cato; More, Anupreeta; Buddelmeijerr, Hugo	1	2015ascl.soft11014M
1511.015	Foreman-Mackey, Daniel	8	2015ascl.soft11015F
1511.016	Southworth, John	6	2015ascl.soft11016S
1511.019	Marulli, Federico; Veropalumbo, Alfonso; Moresco, Michele	1	2015ascl.soft11019M
1512.006	Murta, Alan	1	2015ascl.soft12006M
1512.012	Murthy, Jayant	1	2015ascl.soft12012M
1512.014	Binney, James; McMillan, Paul J	1	2015ascl.soft12014B
1512.015	Shields, Douglas W.; Boe, Benjamin; Pfountz, Casey; Davis, Benjamin L.; Hartley, Matthew; Pour Imani, Hamed; Slade, Zac; Kennefick, Daniel; Kennefick, Julia	4	2015ascl.soft12015S
1512.016	White, Martin	1	2015ascl.soft12016W
1601.002	Robotham, Aaron S.G.; Obreschkow, Danail	1	2016ascl.soft01002R
1601.003	Henshaw, J. D.; Longmore, S. N.; Kruijssen, J. M. D.; Davies, B.; Bally, J.; Barnes, A.; Battersby, C.; Burton, M.; Cunningham, M. R.; Dale, J. E.; Ginsburg, A.; Immer, K.; Jones, P. A.; Kendrew, S.; Mills, E. A. C.; Molinari, S.; Moore, T. J. T.; Ott, J.; Pillai, T.; Rathborne, J.; Schilke, P.; Schmiedeke, A.; Testi, L.; Walker, D.; Walsh, A.; Zhang, Q.	1	2016ascl.soft01003H
1601.005	Knödlseder, Jürgen; Mayer, Michael; Deil, Christoph; Buehler, Rolf; Bregeon, Johan; Martin, Pierrick	1	2016ascl.soft01005K
1601.007	van Dyk, David; Stein, Nathan M.; Connors, Alanna; Kashyap, Vinay; Siemiginowska, Aneta	1	2016ascl.soft01007V
1601.009	Mullally, Fergal; Barclay, Thomas; Barentsen, Geert	9	2016ascl.soft01009M
1601.011	Riedel, Adric R.	2	2016ascl.soft01011R
1601.012	More, Surhud	1	2016ascl.soft01012M
1601.013	Pihajoki, Pauli	1	2016ascl.soft01013P
1602.002	Bellm, Eric C.; Sesar, Branimir	5	2016ascl.soft02002B
1602.003	Soto, Kurt T.; Lilly, Simon J.; Bacon, Roland; Richard, Johan; Conseil, Simon	5	2016ascl.soft02003S
1602.009	Petri, A.	1	2016ascl.soft02009P
1602.011	Robotham, Aaron S.G.	5	2016ascl.soft02011R
1602.012	Connolly, Samuel D.	2	2016ascl.soft02012C
1602.015	Hubber, David; Rosotti, Giovanni	3	2016ascl.soft02015H
1602.017	Pontoppidan, Klaus M.	1	2016ascl.soft02017P
1602.018	Perrin, Marshall; Long, Joseph; Douglas, Ewan; Sivaramakrishnan, Anand; Slocum, Christine; and <a href="https://pythonhosted.org/poppy/about.html#about-team"> others</a>	5	2016ascl.soft02018P
1603.001	Vigan, Arthur	4	2016ascl.soft03001V
1603.003	Gomez Gonzalez, Carlos Alberto; Wertz, Olivier; Christiaens, Valentin; Absil, Olivier; Mawet, Dimitri	3	2016ascl.soft03003G
1603.004	Million, Chase C.; Fleming, Scott W.; Shiao, Bernie; Loyd, Parke	3	2016ascl.soft03004M
1603.005	Howarth, I. D.; Adams, S.; Clegg, R. E. S.; Ruffle, D. P.; Liu, X.-W.; Pritchet, C. J.; Ercolano, B.	3	2016ascl.soft03005H
1603.009	Sharma, Sanjib; Stello, Dennis	1	2016ascl.soft03009S
1603.011	Czekala, Ian	1	2016ascl.soft03011C
1603.013	Price, Danny C.	3	2016ascl.soft03013P
1603.015	Burns, Keaton J.; Vasil, Geoffrey M.; Oishi, Jeffrey S.; Lecoanet, Daniel; Brown, Benjamin	20	2016ascl.soft03015B
1604.001	Zenitani, Seiji	1	2016ascl.soft04001Z
1604.003	Wright, Angus H.	1	2016ascl.soft04003W
1604.004	Robotham, Aaron S.G.	3	2016ascl.soft04004R
1604.008	Lang, Dustin; Hogg, David W.; Mykytyn, David	13	2016ascl.soft04008L
1604.011	Iwasawa, Masaki; Tanikawa, Ataru; Hosono, Natsuki; Nitadori, Keigo; Muranushi, Takayuki; Makino, Junichiro	1	2016ascl.soft04011I
1604.012	Agol, Eric; Deck, Katherine	2	2016ascl.soft04012A
1605.001	Hinton, Samuel	1	2016ascl.soft05001H
1605.004	Masseron, Thomas; Merle, Thibault; Hawkins, Keith	16	2016ascl.soft05004M
1605.005	Bania, Thomas; Wenger, Trey; Balser, Dana; Anderson, Loren	7	2016ascl.soft05005B
1605.006	Ginsburg, Adam; Kruijssen, J. M. Diederik; Longmore, Steven N.; Koch, Eric; Glover, Simon C. O.; Dale, James E.; Commerçon, Benoît; Giannetti, Andrea; McLeod, Anna F.; Testi, Leonardo; Zahorecz, Sarolta; Rathborne, Jill M.; Zhang, Qizhou; Fontani, Francesco; Beltrán, Maite T.; Rivilla, Victor M.	3	2016ascl.soft05006G
1605.009	Kim, Dae-Won	1	2016ascl.soft05009K
1605.010	Fraser, Wesley C.; Alexandersen, Mike; Schwamb, Megan E.; Marsset, Michael E.; Pike, Rosemary E.; Kavelaars, JJ; Bannister, Michele T.; Benecchi, Susan; Delsanti, Audrey	2	2016ascl.soft05010F
1605.011	Duffell, Paul C.	2	2016ascl.soft05011D
1605.015	Zhang, Ming	1	2016ascl.soft05015Z
1605.016	Eisenstein, Daniel; Garrison, Lehman	1	2016ascl.soft05016E
1606.004	Zwart, Jonathan T. L.; Price, Daniel; Bernardi, Gianni	1	2016ascl.soft06004Z
1606.005	Buchner, Johannes	1	2016ascl.soft06005B
1606.006	Bussmann, Shane; Leung, Tsz Kuk (Daisy); Conley, Alexander	1	2016ascl.soft06006B
1606.013	Pennucci, Timothy T.; Demorest, Paul B.; Ransom, Scott M.	2	2016ascl.soft06013P
1606.014	Newville, Matthew; Stensitzki, Till; Allen, Daniel B; Rawlik, Michal; Ingargiola, Antonino; Nelson, Andrew	23	2016ascl.soft06014N
1607.002	Perret, Valentin	3	2016ascl.soft07002P
1607.007	Murthy, Jayant; Rahna, P. T; Safonova, M.; Sutaria, F.; Gudennavar, S. B.; Bubbly, S. G.	2	2016ascl.soft07007M
1607.008	Kovács, G.; Zucker, S.; Mazeh, T.	1	2016ascl.soft07008K
1607.010	Parviainen, Hannu; Pope, Benjamin; Aigrain, Suzanne	2	2016ascl.soft07010P
1607.011	Estalella, Robert	1	2016ascl.soft07011E
1607.012	Brahm, Rafael; Jordan, Andres; Hartman, Joel; Bakos, Gaspar	1	2016ascl.soft07012B
1607.018	Ho, I-Ting	3	2016ascl.soft07018H
1608.001	Huppenkothen, Daniela; Bachetti, Matteo; Stevens, Abigail L.; Migliari, Simone; Balm, Paul	4	2016ascl.soft08001H
1608.004	Cubillos, Patricio; Blecic, Jasmina; Harrington, Joseph; Rojo, Patricio; Lust, Nate; Bowman, Oliver; Stemm, Madison; Foster, Andrew; Loredo, Thomas J.; Fortney, Jonathan; Madhusudhan, Nikku	4	2016ascl.soft08004C
1608.006	Gemini Observatory; AURA	3	2016ascl.soft08006G
1608.009	Koch, Eric W.; Rosolowsky, Erik W.	1	2016ascl.soft08009K
1608.010	Ginsburg, Adam; Robitaille, Thomas; Beaumont, Chris	2	2016ascl.soft08010G
1608.013	Dolphin, Andrew	21	2016ascl.soft08013D
1608.015	Davis, Benjamin L.; Berrier, Joel C.; Shields, Douglas W.; Kennefick, Julia; Kennefick, Daniel; Seigar, Marc S.; Lacy, Claud H. S.; Puerari, Ivânio	3	2016ascl.soft08015D
1608.018	Gourgoulhon, Eric; Grandclément, Philippe; Marck, Jean-Alain; Novak, Jérôme; Taniguchi, Keisuke	14	2016ascl.soft08018G
1609.001	Merlin, E.; Fontana, A.; Ferguson, H. C.; Dunlop, J. S.; Elbaz, D.; Bourne, N.; Bruce, V. A.; Buitrago, F.; Castellano, M.; Schreiber, C.; Grazian, A.; McLure, R. J.; Okumura, K.; Shu, X.; Wang, T.; Amorín, R.; Boutsia, K.; Cappelluti, N.; Comastri, A.; Derriere, S.; Faber, S. M.; Santini, P.	1	2016ascl.soft09001M
1609.009	Page, Dany	7	2016ascl.soft09009P
1609.011	Bradley, Larry; Sipocz, Brigitta; Robitaille, Thomas; Tollerud, Erik; Deil, Christoph; Vinícius, Zè; Barbary, Kyle; Günther, Hans Moritz; Bostroem, Azalee; Droettboom, Michael; Bray, Erik; Bratholm, Lars Andersen; Pickering, T. E.; Craig, Matt; Pascual, Sergio; Greco, Johnny; Donath, Axel; Kerzendorf, Wolfgang; Littlefair, Stuart; Barentsen, Geert; D'Eugenio, Francesco; Weaver, Benjamin Alan	14	2016ascl.soft09011B
1609.013	Pober, Jonathan	1	2016ascl.soft09013P
1609.016	Potter, Douglas; Stadel, Joachim	3	2016ascl.soft09016P
1609.017	Robitaille, Thomas; Ginsburg, Adam; Beaumont, Chris; Leroy, Adam; Rosolowsky, Erik	5	2016ascl.soft09017R
1609.024	Sanders, Jeremy S.; Fabian, A. C.	2	2016ascl.soft09024S
1610.004	Weilbacher, Peter M.; Streicher, Ole; Palsa, Ralf	9	2016ascl.soft10004W
1610.006	Riccio, Giuseppe; Brescia, Massimo; Cavuoti, Stefano	1	2016ascl.soft10006R
1610.007	VanderPlas, Jake	4	2016ascl.soft10007V
1610.013	Cubillos, Patricio; Harrington, Joseph; Lust, Nate; Foster, AJ; Stemm, Madison; Loredo, Tom; Stevenson, Kevin; Campo, Chris; Hardin, Matt; Hardy, Ryan	1	2016ascl.soft10013C
1610.015	Ritter, Christian; Côté, Benoit	4	2016ascl.soft10015R
1610.016	Salvatier, John; Wiecki​, Thomas V.; Fonnesbeck, Christopher	12	2016ascl.soft10016S
1611.003	Bacon, Roland; Piqueras, Laure; Conseil, Simon; Richard, Johan; Shepherd, Martin	9	2016ascl.soft11003B
1611.006	McMillan, Paul J.	3	2016ascl.soft11006M
1611.009	Nikutta, Robert; Agliozzo, Claudia	2	2016ascl.soft11009N
1611.010	Terlouw, J.P.; Vogelaar, M.G.R.	1	2016ascl.soft11010T
1611.012	Kavanagh, Bradley; Catena, Riccardo; Kouvaris, Chris	1	2016ascl.soft11012K
1611.014	Reese, Daniel R.	2	2016ascl.soft11014R
1611.016	Schnetter, Erik; Hawley, Scott; Hawke, Ian	1	2016ascl.soft11016S
1611.017	Barbary, Kyle; Barclay, Tom; Biswas, Rahul; Craig, Matt; Feindt, Ulrich; Friesen, Brian; Goldstein, Danny; Jha, Saurabh; Rodney, Steve; Sofiatti, Caroline; Thomas, Rollin C.; Wood-Vasey, Michael	10	2016ascl.soft11017B
1611.021	Punzo, Davide; van der Hulst, Thijs; Roerdink, Jos; Fillion-Robin, Jean-Christophe	1	2016ascl.soft11021P
1612.002	Herenz, Edmund Christian; Wistozki, Lutz	2	2016ascl.soft12002H
1612.009	de Val-Borro, Miguel; Wilson, Thomas G.	2	2016ascl.soft12009D
1612.014	Badnell, Nigel R.	1	2016ascl.soft12014B
1612.016	Saitoh, Takayuki R.	2	2016ascl.soft12016S
1612.018	Tsiaras, A.; Waldmann, I. P.; Rocchetto, M.; Varley, R.; Morello, G.; Damiano, M.; Tinetti, G.	1	2016ascl.soft12018T
1612.020	Smith, Britton D.; Bryan, Greg L.; Glover, Simon C. O.; Goldbaum, Nathan J.; Turk, Matthew J.; Regan, John; Wise, John H.; Schive, Hsi-Yu; Abel, Tom; Emerick, Andrew; O'Shea, Brian W.; Anninos, Peter; Hummels, Cameron B.; Khochfar, Sadegh	1	2016ascl.soft12020S
1701.004	Millea, Marius	5	2017ascl.soft01004M
1701.005	Barklem, Paul S.	3	2017ascl.soft01005B
1701.006	Barklem, Paul S.	1	2017ascl.soft01006B
1701.007	Chen, Jingjing; Kipping, David	1	2017ascl.soft01007C
1702.002	Foreman-Mackey, Daniel	7	2017ascl.soft02002F
1703.003	Sinha, Manodeep; Garrison, Lehman	27	2017ascl.soft03003S
1703.004	Mommert, Michael	2	2017ascl.soft03004M
1703.011	Kerutt, Josephine	4	2017ascl.soft03011K
1704.001	Williams, Peter K. G.; Clavel, Maïca; Newton, Elisabeth; Ryzhkov, Denis	16	2017ascl.soft04001W
1704.002	Shamir, Lior	1	2017ascl.soft04002S
1704.003	Vohl, Dany	2	2017ascl.soft04003V
1704.004	Sanchez-Monge, A.; Schilke, P.; Ginsburg, A.; Cesaroni, R.; Schmiedeke, A.	1	2017ascl.soft04004S
1704.006	Sidorin, Vojtech	1	2017ascl.soft04006S
1705.001	Oemler, A.; Clardy, K.; Kelson, D.; Walth, G.; Villanueva, E.	9	2017ascl.soft05001O
1705.005	Hernandez, J.; Briceño, C.; Calvet, N.; Hartmann, L.; Berlind, P.; Luhman, K.	2	2017ascl.soft05005H
1705.006	Montet, Benjamin T.	1	2017ascl.soft05006M
1706.001	Barragán, Oscar; Gandolfi, Davide	7	2017ascl.soft06001B
1706.002	Law, Casey J.	1	2017ascl.soft06002L
1706.003	Emken, Timon; Kouvaris, Chris	5	2017ascl.soft06003E
1706.006	Bird, Simeon	3	2017ascl.soft06006B
1706.010	Savransky, Dmitry; Delacroix, Christian; Garrett, Daniel	1	2017ascl.soft06010S
1706.011	Lam, M. T.	5	2017ascl.soft06011L
1707.001	Wenger, Trey V.; Kepley, Amanda K.; Balser, Dana S.	1	2017ascl.soft07001W
1707.003	Barragán, Oscar; Gandolfi, Davide; Antoniciello, Giuliano	11	2017ascl.soft07003B
1707.007	Coupon, Jean; Leauthaud, Alexie; Kilbinger, Martin; Medezinski, Elinor	1	2017ascl.soft07007C
1708.002	de Val-Borro, Miguel; Cordiner, Martin A.; Milam, Stefanie N.; Charnley, Steven B.	1	2017ascl.soft08002D
1708.004	Ginsburg, Adam; Parikh, Madhura; Woillez, Julien; Groener, Austen; Liedtke, Simon; Sipocz, Brigitta;  Robitaille, Thomas; Deil, Christoph; Svoboda, Brian; Tollerud, Erik; Persson, Magnus Vilhelm;  Séguin-Charbonneau, Loïc; Armstrong, Caden; Mirocha, Jordan; Droettboom, Michael; Allen, James; Moolekamp, Fred; Egeland, Ricky; Singer, Leo; Barbary, Kyle; Grollier, Frédéric; Shiga, David;  Moritz Günther, Hans; Parejko, John; Booker, Joseph; Rol, Evert; Edward; Miller, Adam; Willett, Kyle	8	2017ascl.soft08004G
1708.008	Semenov, Dmitry A.	1	2017ascl.soft08008S
1708.009	Stempels, Eric; Telting, John	1	2017ascl.soft08009S
1708.012	Sarzi, Marc; Falcón-Barroso, Jesús; Davies, Roger L.; Bacon, Roland; Bureau, Martin; Cappellari, Michele; de Zeeuw, P. Tim; Emsellem, Eric; Fathi, Kambiz; Krajnović, Davor; Kuntschner, Harald; McDermid, Richard M.; Peletier, Reynier F.	1	2017ascl.soft08012S
1708.015	Birnstiel, T.; Klahr, H.; Ercolano, B.	2	2017ascl.soft08015B
1708.016	Campana, R.	1	2017ascl.soft08016C
1708.029	Moustakas, John	1	2017ascl.soft08029M
1709.002	Price, Daniel J.; Wurster, James; Nixon, Chris; Tricco, Terrence S.; Toupin, Stéven; Pettitt, Alex; Chan, Conrad; Laibe, Guillaume; Glover, Simon; Dobbs, Clare; Nealon, Rebecca; Liptai, David; Worpel, Hauke; Bonnerot, Clément; Dipierro, Giovanni; Ragusa, Enrico; Federrath, Christoph; Iaconi, Roberto; Reichardt, Thomas; Forgan, Duncan; Hutchison, Mark; Constantino, Thomas; Ayliffe, Ben; Mentiplay, Daniel; Hirsh, Kieran; Lodato, Giuseppe	5	2017ascl.soft09002P
1709.005	Bramich, Daniel	2	2017ascl.soft09005B
1709.008	Foreman-Mackey, Daniel; Agol, Eric; Ambikasaran, Sivaram; Angus, Ruth	1	2017ascl.soft09008F
1709.009	Sharma, Sanjib	1	2017ascl.soft09009S
1710.001	Pokorny, Martin; Law, Casey J.	2	2017ascl.soft10001P
1710.002	Law, Casey J.	2	2017ascl.soft10002L
1710.003	Eastman, Jason	23	2017ascl.soft10003E
1710.005	Lippuner, Jonas; Roberts, Luke F.	2	2017ascl.soft10005L
1710.012	Bird, Simeon	4	2017ascl.soft10012B
1710.013	Kestener, Pierre	1	2017ascl.soft10013K
1710.017	Kurucz, Robert L.	2	2017ascl.soft10017K
1710.021	Lyke, Jim; Do, Tuan; Boehle, Anna; Campbell, Randy; Chappell, Sam; Fitzgerald, Mike; Gasawy, Tom; Iserlohe, Christof; Krabbe, Alfred; Larkin, James; Lockhard, Kelly; Lu, Jessica; Mieda, Etsuko; McElwain, Mike; Perrin, Marshall; Rudy, Alex; Sitarski, Breann; Vayner, Andrey; Walth, Greg; Weiss, Jason; Wizanski, Tommer; Wright, Shelley	3	2017ascl.soft10021L
1710.022	Tazzari, Marco; Beaujean, Frederik; Testi, Leonardo	1	2017ascl.soft10022T
1711.001	Mauclaire, Benjamin	1	2017ascl.soft11001M
1711.009	Eufrasio, Rafael T.	1	2017ascl.soft11009E
1711.010	Mateu, Cecilia	2	2017ascl.soft11010M
1711.018	Ryan, P.W.	1	2017ascl.soft11018R
1711.019	Louden, Tom; Kreidberg, Laura	2	2017ascl.soft11019L
1712.001	Wenger, Trey V.; Balser, Dana S.; Anderson, Loren D.; Bania, Thomas M.	1	2017ascl.soft12001W
1712.002	Danehkar, A.	1	2017ascl.soft12002D
1712.003	Benítez-Llambay, Alejandro	2	2017ascl.soft12003B
1712.015	Shahmoradi, Amir; Nemiroff, Robert J.	1	2017ascl.soft12015S
1712.016	Shahmoradi, Amir; Nemiroff, Robert J.	1	2017ascl.soft12016S
1801.003	Stan Development Team	2	2018ascl.soft01003S
1802.003	Vandenbroucke, Bert; Wood, Kenneth	1	2018ascl.soft02003V
1802.004	Sharma, Ravi; Gyanchandani, Dolly; Kulkarni, Sarang; Gupta, Neeraj; Pathak, Vineet; Pande, Arti; Joshi, Unmesh	1	2018ascl.soft02004S
1803.001	Emken, Timon; Kouvaris, Chris	2	2018ascl.soft03001E
1803.002	Hutter, Anne	1	2018ascl.soft03002H
1803.004	Demorest, Paul B.	3	2018ascl.soft03004D
1803.005	Barentsen, Geert; Cardoso, José Vinícius de Miranda	4	2018ascl.soft03005B
1803.006	Poleski, Radoslaw; Yee, Jennifer	2	2018ascl.soft03006P
1803.007	Steininger, Theo	1	2018ascl.soft03007S
1803.008	Kriek, Mariska; van Dokkum, Pieter G.; Labbé, Ivo; Franx, Marijn; Illingworth, Garth D.; Marchesini, Danilo; Quadri, Ryan F.; Aird, James; Coil, Alison L.; Georgakakis, Antonis	1	2018ascl.soft03008K
1804.003	van Diepen, Ger; Dijkema, Tammo Jan	5	2018ascl.soft04003V
1804.012	Birrer, Simon; Amara, Adam	1	2018ascl.soft04012B
1804.021	Wallin, Anders E.E.; Price, Danny C.; Carson, Cantwell G.; Meynadier, Frédéric	1	2018ascl.soft04021W
1804.026	Sabiu, Cristiano	2	2018ascl.soft04026S
1805.008	Vasiliev, Eugene	1	2018ascl.soft05008V
1805.014	Petit, J.-M.; Kavelaars, J.J.; Gladman, B.; Alexandersen, M.	1	2018ascl.soft05014P
1805.015	Kochukhov, O.	3	2018ascl.soft05015K
1805.017	Pierel, Justin D. R.;  Rodney, Steven A.;  Avelino, Arturo; Bianco, Federica; Foley, Ryan J.; Friedman, Andrew; Hicken, Malcolm; Hounsell, Rebekah; Jha, Saurabh W.; Kessler, Richard; Kirshner, Robert; Mandel, Kaisey; Narayan, Gautham; Filippenko, Alexei V.; Scolnic, Daniel; Strolger, Louis-Gregory	1	2018ascl.soft05017P
1805.018	Yu, Hao-Ran; Pen, Ue-Li; Wang, Xin	1	2018ascl.soft05018Y
1805.019	Bachetti, Matteo	2	2018ascl.soft05019B
1805.021	Kamann, Sebastian	2	2018ascl.soft05021K
1805.022	Casagrande, Luca; VandenBerg, Don A.	1	2018ascl.soft05022C
1805.024	Campagnolo, Julio C. N.	1	2018ascl.soft05024C
1805.032	Sun, Mouyuan; Grier, C. J.; Peterson, B. M.	8	2018ascl.soft05032S
1806.002	Kavanagh, Bradley J.; Gaggero, Daniele; Bertone, Gianfranco	1	2018ascl.soft06002K
1806.004	Caselden, Dan; Westin, Paul III; Meisner, Aaron; Kuchner, Marc; Colin, Guillaume	2	2018ascl.soft06004C
1806.013	Michilli, Daniele; Hessels, Jason W. T.	2	2018ascl.soft06013M
1806.019	Ritter, C.; Côté, B.; Herwig, F.; Navarro, J. F.; Fryer, C.	1	2018ascl.soft06019R
1806.024	Mevius, Maaijke	5	2018ascl.soft06024M
1806.027	Vogt, Frédéric P.A.	3	2018ascl.soft06027V
1807.002	Rahner, Daniel; Pellegrini, Eric W.; Glover, Simon C. O.; Klessen, Ralf S.	1	2018ascl.soft07002R
1807.005	Sutherland, Ralph; Dopita, Mike; Binette, Luc; Groves, Brent	3	2018ascl.soft07005S
1807.023	Bevan, Antonia	1	2018ascl.soft07023B
1807.028	Barclay, Thomas	1	2018ascl.soft07028B
1808.002	Gallardo, Tabare	1	2018ascl.soft08002G
1808.004	Greenbaum, Alexandra Z.; Sivaramakrishnan, Anand; Sahlmann, Johannes; Thatte, Deepashree	1	2018ascl.soft08004G
1808.011	Hancock, Paul J.; Hurley-Walker, N.; White, T.	1	2018ascl.soft08011H
1809.008	Guo, Hengxiao; Shen, Yue; Wang, Shu	3	2018ascl.soft09008G
1809.009	Balser, Dana S.; Bania, T. M.	1	2018ascl.soft09009B
1809.013	Speagle, Joshua S.; Barbary, Kyle	3	2018ascl.soft09013S
1810.005	Luger, Rodrigo; Agol, Eric; Foreman-Mackey, Daniel; Fleming, David P.; Lustig-Yaeger, Jacob; Deitrick, Russell	1	2018ascl.soft10005L
1810.021	Geller, Aaron M.; Gurvich, Alex	1	2018ascl.soft10021G
1811.005	Lagos, Claudia del P.; Tobar, Rodrigo J.; Robotham, Aaron S. G.; Obreschkow, Danail; Mitchell, Peter D.; Power, Chris; Elahi, Pascal J.	1	2018ascl.soft11005L
1812.001	Wenger, Trey V.	1	2018ascl.soft12001W
1812.008	Carrasco Kind, Matias; Drlica-Wagner, Alex; Koziol, Audrey	1	2018ascl.soft12008C
1812.013	Lightkurve Collaboration; Cardoso, José Vinícius de Miranda; Hedges, Christina; Gully-Santiago, Michael; Saunders, Nicholas; Cody, Ann Marie; Barclay, Thomas; Hall, Oliver; Sagear, Sheila; Turtelboom, Emma; Zhang, Johnny; Tzanidakis, Andy; Mighell, Ken; Coughlin, Jeff; Bell, Keaton; Berta-Thompson, Zach; Williams, Peter; Dotson, Jessie; Barentsen, Geert	2	2018ascl.soft12013L
1812.016	Espinoza, Néstor; Kossakowski, Diana; Brahm, Rafael	1	2018ascl.soft12016E
1902.007	Luo, Jing; Ransom, Scott; Demorest, Paul; van Haasteren, Rutger; Ray, Paul; Stovall, Kevin; Bachetti, Matteo; Archibald, Anne; Kerr, Matthew; Colen, Jonathan; Jenet, Fredrick	2	2019ascl.soft02007L
1903.003	Günther, Maximilian N.; Daylan, Tansu	1	2019ascl.soft03003G
9905.002	Tegmark, Max	1	1999ascl.soft05002T
9909.003	Alard, Christophe; Lupton, Robert	2	1999ascl.soft09003A
9909.004	Seljak, U.; Zaldarriaga, M.	1	1999ascl.soft09004S
9910.001	Ferland, Gary; van Hoof, Peter; Verner, Dima; Verner, Katya; Ferguson, Jason; Hamann, Fred; Kingdon, Jim; Korista, Kirk; Shields, Joe	2	1999ascl.soft10001F
9910.002	Gray, Richard O.	14	1999ascl.soft10002G
9910.004	Bertschinger, Edmund	4	1999ascl.soft10004B
9910.005	Arnaud, Keith; Dorman, Ben; Gordon, Craig	9	1999ascl.soft10005A
9911.001	Ivezic, Zeljko; Nenkova, Maia; Elitzur, Moshe	4	1999ascl.soft11001I
9911.002	National Optical Astronomy Observatories	2	1999ascl.soft11002N
9911.003	Associated Universities, Inc.	4	1999ascl.soft11003A
9912.003	Kurtz, Michael J.; Mink, Jessica	1	1999ascl.soft12003K
